,Team,SOS,Rank,Opp Record,Opp Win Percent
0,Kentucky,0.6047,1,1858-1093,0.6296
1,Florida State,0.5993,2,1827-1086,0.6272
2,South Carolina,0.5891,3,1875-1211,0.6075
3,Arkansas,0.5887,4,1880-1192,0.6119
4,Vanderbilt,0.5884,5,1906-1255,0.6028
5,Clemson,0.5876,6,1922-1260,0.604
6,Georgia,0.5853,7,1779-1175,0.6021
7,Texas A&M,0.5838,8,1945-1292,0.6008
8,Auburn,0.5834,9,1797-1210,0.5976
9,Mississippi State,0.5834,10,1705-1146,0.5979
10,Duke,0.5814,11,1791-1177,0.6033
11,North Carolina,0.5803,12,1820-1213,0.6001
12,LSU,0.5794,13,1832-1260,0.5924
13,Alabama,0.5784,14,1842-1258,0.5941
14,Oklahoma,0.5714,15,1810-1244,0.5927
15,Coastal Carolina,0.5708,16,1844-1254,0.5952
16,Florida,0.5708,17,1788-1320,0.5752
17,Louisville,0.5694,18,1720-1217,0.5855
18,Pittsburgh,0.569,19,1661-1150,0.5909
19,Ole Miss,0.5678,20,1679-1205,0.5821
20,North Carolina State,0.5669,21,1683-1206,0.5826
21,Tennessee,0.5664,22,1763-1278,0.5797
22,Miami (FL),0.5655,23,1781-1286,0.5807
23,TCU,0.5653,24,1821-1341,0.5758
24,Georgia Tech,0.5641,25,1743-1292,0.5743
25,Virginia Tech,0.5615,26,1608-1209,0.5708
26,Texas,0.5613,27,1829-1330,0.579
27,Oregon,0.5603,28,1654-1215,0.5761
28,Oklahoma State,0.5592,29,1808-1342,0.574
29,Arizona,0.5589,30,1693-1252,0.5746
30,Boston College,0.5572,31,1556-1181,0.5685
31,Missouri,0.5565,32,1601-1236,0.5642
32,Wake Forest,0.5558,33,1675-1314,0.5604
33,California,0.5546,34,1508-1175,0.5618
34,UCLA,0.5541,35,1547-1187,0.5657
35,Tulane,0.5539,36,1780-1301,0.5777
36,Stanford,0.5527,37,1546-1219,0.5589
37,Arizona State,0.5527,38,1586-1242,0.5606
38,UNCW,0.5496,39,1626-1210,0.5733
39,Notre Dame,0.5474,40,1550-1271,0.5494
40,South Florida,0.5459,41,1842-1390,0.5699
41,Baylor,0.5449,42,1654-1312,0.5577
42,Indiana State,0.5448,43,1699-1295,0.5675
43,Texas Tech,0.5442,44,1770-1420,0.5549
44,USC,0.5441,45,1624-1334,0.5489
45,Southern Miss,0.5422,46,1692-1382,0.5504
46,West Virginia,0.5406,47,1655-1402,0.5414
47,Charlotte,0.5405,48,1764-1424,0.5533
48,Elon,0.5399,49,1594-1267,0.5571
49,Liberty,0.5394,50,1752-1367,0.5617
50,Kansas State,0.5386,51,1711-1380,0.5535
51,Georgia Southern,0.5386,52,1639-1360,0.5465
52,Washington,0.5384,53,1431-1160,0.5521
53,Rice,0.5383,54,1726-1409,0.5506
54,Troy,0.5364,55,1741-1426,0.5497
55,Kansas,0.5364,56,1651-1376,0.5454
56,Virginia,0.5363,57,1579-1383,0.5331
57,UAB,0.5356,58,1569-1329,0.5414
58,South Alabama,0.5347,59,1596-1313,0.5486
59,Cal State Fullerton,0.5339,60,1461-1253,0.5382
60,Maryland,0.5333,61,1693-1408,0.5458
61,Ohio State,0.5331,62,1613-1351,0.5442
62,Illinois,0.5329,63,1499-1243,0.5466
63,Indiana,0.5328,64,1666-1399,0.5435
64,Cal Poly,0.5325,65,1549-1301,0.5434
65,UNCG,0.5319,66,1690-1402,0.5466
66,Louisiana,0.5319,67,1742-1495,0.5382
67,Texas State,0.5319,68,1714-1427,0.5457
68,Appalachian State,0.5316,69,1573-1328,0.5422
69,East Carolina,0.5313,70,1777-1557,0.533
70,Dallas Baptist,0.5305,71,1721-1472,0.539
71,Oregon State,0.5298,72,1539-1358,0.5311
72,FAU,0.529,73,1670-1430,0.5387
73,FIU,0.5278,74,1582-1341,0.5412
74,Charleston,0.5268,75,1598-1406,0.532
75,Xavier,0.5266,76,1686-1457,0.5364
76,Minnesota,0.526,77,1463-1233,0.5426
77,Hawaii,0.5253,78,1355-1190,0.5324
78,Louisiana Tech,0.5251,79,1660-1470,0.5304
79,Butler,0.5245,80,1573-1293,0.5488
80,Utah,0.5243,81,1485-1298,0.5336
81,Georgia State,0.524,82,1627-1443,0.53
82,Connecticut,0.5236,83,1573-1373,0.5339
83,Delaware,0.5229,84,1608-1409,0.5329
84,William & Mary,0.5225,85,1594-1371,0.5376
85,Campbell,0.5221,86,1601-1433,0.5277
86,Gonzaga,0.5219,87,1393-1227,0.5316
87,Marshall,0.5218,88,1494-1316,0.5316
88,Washington State,0.5207,89,1355-1251,0.5199
89,UC Santa Barbara,0.5195,90,1478-1336,0.5252
90,Samford,0.5193,91,1642-1468,0.528
91,Michigan,0.5186,92,1514-1384,0.5224
92,San Diego,0.5185,93,1331-1172,0.5318
93,San Diego State,0.518,94,1394-1243,0.5286
94,Monmouth,0.5179,95,1255-1120,0.5284
95,Iowa,0.5166,96,1425-1266,0.5295
96,Michigan State,0.5166,97,1513-1380,0.523
97,Cincinnati,0.5165,98,1608-1483,0.5202
98,Rutgers,0.5165,99,1531-1383,0.5254
99,UC Riverside,0.516,100,1375-1261,0.5216
100,Old Dominion,0.5152,101,1507-1393,0.5196
101,Missouri State,0.5147,102,1538-1376,0.5278
102,UC Irvine,0.5147,103,1428-1380,0.5085
103,High Point,0.5143,104,1484-1350,0.5236
104,Evansville,0.5138,105,1644-1500,0.5229
105,Northwestern,0.5138,106,1373-1278,0.5179
106,Sam Houston State,0.5138,107,1665-1507,0.5249
107,Wichita State,0.5135,108,1534-1417,0.5198
108,Southeastern Louisiana,0.5134,109,1371-1237,0.5257
109,North Carolina A&T,0.5125,110,1264-1209,0.5111
110,Wofford,0.5124,111,1638-1523,0.5182
111,Grand Canyon,0.5121,112,1590-1461,0.5211
112,Long Beach State,0.512,113,1451-1386,0.5114
113,UTA,0.5117,114,1588-1443,0.5239
114,Seattle University,0.5117,115,1394-1282,0.5209
115,Towson,0.5115,116,1516-1384,0.5228
116,Bradley,0.5112,117,1314-1211,0.5204
117,Stony Brook,0.5106,118,1386-1304,0.5152
118,Houston Christian,0.5105,119,1307-1218,0.5176
119,UC Davis,0.5102,120,1390-1313,0.5142
120,Kennesaw State,0.51,121,1509-1424,0.5145
121,Northeastern,0.5086,122,1493-1432,0.5104
122,James Madison,0.5081,123,1490-1431,0.5101
123,UCF,0.5079,124,1619-1563,0.5088
124,Presbyterian College,0.5076,125,1512-1423,0.5152
125,Pepperdine,0.5076,126,1224-1171,0.511
126,Western Carolina,0.5074,127,1498-1416,0.5141
127,Valparaiso,0.5067,128,1267-1214,0.5107
128,Middle Tennessee,0.506,129,1538-1474,0.5106
129,Arkansas State,0.5057,130,1349-1276,0.5139
130,San Jose State,0.5041,131,1420-1359,0.511
131,Memphis,0.5035,132,1518-1495,0.5038
132,Air Force,0.5035,133,1478-1418,0.5104
133,Creighton,0.5033,134,1291-1231,0.5119
134,Western Michigan,0.5032,135,1344-1266,0.5149
135,UC San Diego,0.5032,136,1307-1279,0.5054
136,Loyola-Marymount,0.5029,137,1341-1309,0.506
137,South Carolina Upstate,0.5029,138,1577-1555,0.5035
138,Utah Tech,0.5027,139,1381-1307,0.5138
139,Penn State,0.5021,140,1315-1238,0.5151
140,UTRGV,0.502,141,1490-1405,0.5147
141,UTSA,0.5018,142,1497-1513,0.4973
142,ULM,0.5007,143,1408-1399,0.5016
143,Hofstra,0.5002,144,1356-1323,0.5062
144,Texas A&M-Corpus Christi,0.5001,145,1397-1345,0.5095
145,Lipscomb,0.5001,146,1588-1609,0.4967
146,Mercer,0.5001,147,1505-1548,0.493
147,UMass-Lowell,0.4996,148,1387-1297,0.5167
148,Northwestern State,0.4989,149,1396-1369,0.5049
149,Charleston Southern,0.4988,150,1311-1331,0.4962
150,Nevada,0.4986,151,1358-1317,0.5077
151,Nebraska,0.4981,152,1413-1417,0.4993
152,Winthrop,0.4978,153,1472-1472,0.5
153,Southern Illinois,0.4976,154,1475-1480,0.4992
154,Cal State Northridge,0.4975,155,1249-1283,0.4933
155,Portland,0.4973,156,1318-1310,0.5015
156,FGCU,0.497,157,1570-1622,0.4919
157,Villanova,0.4961,158,1293-1278,0.5029
158,Florida A&M,0.496,159,1488-1306,0.5326
159,Queens,0.4957,160,1479-1464,0.5025
160,New Orleans,0.4955,161,1474-1464,0.5017
161,Ohio,0.4951,162,1254-1237,0.5034
162,George Washington,0.4947,163,1487-1418,0.5119
163,Houston,0.4945,164,1510-1623,0.482
164,Western Kentucky,0.4943,165,1525-1591,0.4894
165,Nicholls,0.494,166,1361-1389,0.4949
166,Abilene Christian,0.4938,167,1517-1546,0.4953
167,UNLV,0.4932,168,1264-1306,0.4918
168,Jacksonville State,0.4929,169,1489-1544,0.4909
169,Saint Mary's College,0.4924,170,1249-1271,0.4956
170,UIC,0.4924,171,1349-1381,0.4941
171,Santa Clara,0.492,172,1252-1319,0.487
172,Incarnate Word,0.492,173,1372-1386,0.4975
173,North Florida,0.4917,174,1465-1499,0.4943
174,Georgetown,0.4903,175,1467-1478,0.4981
175,Jacksonville,0.4902,176,1504-1543,0.4936
176,Cal State Bakersfield,0.4896,177,1256-1336,0.4846
177,Dayton,0.4896,178,1555-1563,0.4987
178,East Tennessee State,0.4892,179,1417-1493,0.4869
179,Wright State,0.488,180,1498-1536,0.4937
180,Kent State,0.4877,181,1409-1454,0.4921
181,Illinois State,0.4875,182,1259-1336,0.4852
182,The Citadel,0.4873,183,1376-1426,0.4911
183,Tarleton State,0.4873,184,1287-1308,0.496
184,Lamar,0.487,185,1374-1431,0.4898
185,Northern Illinois,0.4863,186,1344-1364,0.4963
186,Stephen F. Austin,0.4858,187,1295-1319,0.4954
187,McNeese,0.4856,188,1376-1445,0.4878
188,Purdue,0.4851,189,1317-1399,0.4849
189,Austin Peay,0.4843,190,1507-1610,0.4835
190,Belmont,0.484,191,1485-1611,0.4797
191,Albany,0.4834,192,1091-1099,0.4982
192,Bellarmine,0.4834,193,1435-1512,0.4869
193,Columbia,0.483,194,1038-1033,0.5012
194,California Baptist,0.4828,195,1412-1536,0.479
195,Gardner-Webb,0.4824,196,1378-1508,0.4775
196,Murray State,0.4816,197,1454-1572,0.4805
197,VCU,0.4804,198,1386-1441,0.4903
198,Fresno State,0.4798,199,1320-1446,0.4772
199,Lafayette,0.4795,200,1192-1256,0.487
200,Central Michigan,0.4792,201,1291-1405,0.4789
201,Rhode Island,0.4788,202,1293-1351,0.4891
202,Fordham,0.4786,203,1388-1442,0.4905
203,Stetson,0.4782,204,1471-1644,0.4722
204,BYU,0.4781,205,1229-1375,0.472
205,Saint Joseph's,0.4769,206,1294-1424,0.4761
206,Eastern Kentucky,0.4766,207,1473-1665,0.4694
207,Southeast Missouri,0.4761,208,1405-1535,0.4779
208,North Alabama,0.4761,209,1304-1447,0.474
209,Lindenwood,0.476,210,1299-1382,0.4845
210,Purdue Fort Wayne,0.4759,211,1423-1486,0.4892
211,Saint John's,0.4748,212,1282-1438,0.4714
212,Ball State,0.4745,213,1366-1532,0.4714
213,Tennessee-Martin,0.4735,214,1379-1516,0.4763
214,Longwood,0.4728,215,1332-1482,0.4733
215,Tennessee Tech,0.4726,216,1337-1499,0.4714
216,Siena,0.4725,217,1386-1467,0.4858
217,Akron,0.472,218,1247-1433,0.4653
218,Central Arkansas,0.4718,219,1329-1521,0.4663
219,Radford,0.4713,220,1327-1483,0.4722
220,UNC Asheville,0.4711,221,1273-1455,0.4666
221,Hartford,0.4709,222,915-977,0.4836
222,Youngstown State,0.4709,223,1331-1513,0.468
223,Seton Hall,0.4709,224,1319-1516,0.4653
224,Bucknell,0.4704,225,1050-1184,0.47
225,UMBC,0.47,226,1319-1451,0.4762
226,Bowling Green,0.4698,227,1197-1391,0.4625
227,Bethune-Cookman,0.4694,228,1403-1548,0.4754
228,Princeton,0.4691,229,1007-1096,0.4788
229,North Dakota State,0.4689,230,1219-1321,0.4799
230,Toledo,0.4684,231,1328-1531,0.4645
231,Southern Indiana,0.4681,232,1318-1462,0.4741
232,Miami (OH),0.4677,233,1343-1560,0.4626
233,San Francisco,0.4664,234,1039-1255,0.4531
234,Sacramento State,0.4658,235,1294-1520,0.4599
235,Bryant,0.4657,236,1120-1268,0.4691
236,Little Rock,0.4655,237,1273-1463,0.4653
237,NJIT,0.464,238,1186-1373,0.4635
238,Eastern Michigan,0.4636,239,1209-1427,0.4587
239,Utah Valley,0.4633,240,1270-1536,0.4527
240,UMass,0.4628,241,1150-1317,0.4662
241,Rider,0.4626,242,1258-1476,0.4602
242,Oakland,0.4626,243,1369-1612,0.4592
243,Morehead State,0.4624,244,1290-1520,0.4591
244,Canisius,0.4624,245,1233-1378,0.4722
245,VMI,0.4623,246,1294-1551,0.4548
246,Richmond,0.4617,247,1277-1500,0.4599
247,Navy,0.4598,248,1097-1284,0.4608
248,Maine,0.4596,249,1108-1312,0.458
249,Northern Colorado,0.4594,250,864-981,0.4684
250,Pacific,0.4585,251,1072-1323,0.4477
251,Army,0.4582,252,1172-1434,0.4499
252,Dartmouth,0.4574,253,886-1024,0.4639
253,SIUE,0.4563,254,1208-1466,0.4518
254,Saint Bonaventure,0.4562,255,1105-1317,0.4563
255,Cornell,0.4542,256,718-823,0.4659
256,Marist,0.4541,257,1168-1439,0.4483
257,George Mason,0.4539,258,1338-1629,0.4511
258,Western Illinois,0.4538,259,1178-1354,0.4652
259,Davidson,0.4529,260,1224-1557,0.4401
260,New Mexico State,0.4512,261,1075-1343,0.4446
261,Harvard,0.4501,262,869-1092,0.4431
262,Norfolk State,0.4495,263,1159-1372,0.458
263,Niagara,0.4493,264,1069-1303,0.4507
264,Alabama State,0.4488,265,1261-1581,0.4437
265,Northern Kentucky,0.4481,266,1291-1663,0.437
266,Fairfield,0.4477,267,1220-1522,0.4451
267,Saint Peter's,0.4475,268,1137-1379,0.452
268,Brown,0.4471,269,760-929,0.45
269,Iona,0.4467,270,1125-1431,0.4404
270,New Mexico,0.4465,271,1043-1352,0.4355
271,Alabama A&M,0.4462,272,982-1182,0.4538
272,Mount Saint Mary's,0.446,273,1177-1472,0.4444
273,Oral Roberts,0.4459,274,1219-1516,0.4457
274,Sacred Heart,0.4457,275,1279-1537,0.4543
275,Eastern Illinois,0.4442,276,1197-1598,0.4283
276,Yale,0.4442,277,831-964,0.463
277,Penn,0.4439,278,899-1155,0.4377
278,Manhattan,0.4433,279,1201-1544,0.4377
279,Quinnipiac,0.4421,280,1178-1501,0.4399
280,Central Connecticut,0.4409,281,1069-1315,0.4485
281,Holy Cross,0.4407,282,1042-1351,0.4356
282,Mississippi Valley State,0.4403,283,1080-1295,0.4547
283,Lehigh,0.4383,284,1028-1347,0.433
284,South Dakota State,0.4376,285,1014-1283,0.4415
285,Omaha,0.4373,286,1016-1300,0.4388
286,Saint Thomas,0.4369,287,932-1188,0.4396
287,Binghamton,0.4362,288,1044-1431,0.4219
288,Stonehill,0.4355,289,1032-1326,0.4377
289,Maryland Eastern Shore,0.4347,290,1185-1526,0.4372
290,Milwaukee,0.433,291,1140-1594,0.417
291,Long Island,0.4312,292,1167-1586,0.424
292,Merrimack,0.4302,293,1065-1430,0.427
293,Jackson State,0.43,294,1019-1299,0.4396
294,Delaware State,0.4292,295,1017-1384,0.4237
295,Saint Louis,0.4221,296,1129-1689,0.4008
296,Coppin State,0.4197,297,1061-1487,0.4165
297,Wagner,0.4186,298,1090-1605,0.4047
298,Southern,0.4171,299,1007-1299,0.4367
299,Prairie View A&M,0.4116,300,1001-1351,0.4256
300,Grambling State,0.4099,301,1027-1414,0.4207
301,Fairleigh Dickinson,0.3959,302,963-1645,0.3692
302,Texas Southern,0.3791,303,704-1160,0.3777
303,Arkansas-Pine Bluff,0.3765,304,722-1237,0.3686
304,Alcorn State,0.3564,305,614-1217,0.3353
